descuento,precio,categoria,tipo,rating,calificacion,cantidad,total,genero,fecha_venta
6,95,M,Playera,2,4.3,1,1350.9,F,2024-01-01
10,162,H,Bata,5,4.6,1,490.68,M,2024-01-01
42,140,H,Gorro,5,1.1,1,277.2,F,2024-01-01
46,190,M,Bata,3,4.7,1,48.64,F,2024-01-01
28,82,H,Pantalon,4,4.2,1,557.76,M,2024-01-01
22,182,M,Playera,1,4.3,1,106.08,F,2024-01-02
31,267,H,Pantalon,4,1.4,1,1104.16,F,2024-01-02
45,126,M,Gorro,4,4.0,1,411.68,F,2024-01-02
12,204,H,Bata,4,4.8,1,503.25,F,2024-01-02
32,170,H,Pantalon,5,3.7,1,291.6,M,2024-01-02
14,177,M,Pantalon,1,3.3,1,698.1,F,2024-01-03
21,127,M,Gorro,4,4.8,1,1019.2,F,2024-01-03
33,201,M,Playera,3,2.8,1,905.25,F,2024-01-03
10,116,H,Pantalon,5,3.4,1,375.06,M,2024-01-03
18,288,M,Gorro,3,2.9,1,427.42,M,2024-01-04
26,164,M,Playera,3,4.7,1,498.96,M,2024-01-04
10,112,H,Playera,4,1.3,1,77.52,F,2024-01-04
30,162,M,Bata,3,3.0,1,666.12,M,2024-01-04
43,143,M,Gorro,1,3.7,1,245.7,M,2024-01-04
16,276,M,Playera,3,4.2,1,1330.0,M,2024-01-05
39,97,H,Bata,4,3.3,1,889.2,F,2024-01-05
18,240,H,Scrub,3,4.6,1,447.36,M,2024-01-05
26,255,H,Gorro,5,4.8,1,599.25,M,2024-01-05
27,61,M,Scrub,5,1.3,1,810.0,M,2024-01-06
11,205,H,Playera,5,2.6,1,441.0,F,2024-01-06
44,221,M,Gorro,2,1.1,1,545.28,F,2024-01-06
29,270,M,Bata,5,2.3,1,1331.26,M,2024-01-06
17,220,M,Playera,5,3.1,1,828.0,M,2024-01-06
25,194,H,Gorro,2,4.6,1,979.4,M,2024-01-07
45,89,H,Gorro,5,4.4,1,335.16,F,2024-01-07
14,226,M,Scrub,4,1.5,1,238.7,F,2024-01-07
13,134,M,Playera,5,1.4,1,107.8,M,2024-01-07
19,106,H,Bata,5,3.4,1,856.44,F,2024-01-08
6,136,H,Bata,2,3.1,1,1869.6,M,2024-01-08
29,133,H,Playera,4,2.1,1,945.0,F,2024-01-08
17,241,M,Playera,3,4.6,1,90.0,M,2024-01-08
38,252,H,Pantalon,1,4.7,1,509.32,F,2024-01-08
38,234,H,Scrub,4,2.6,1,820.02,M,2024-01-09
39,170,H,Playera,3,4.6,1,978.25,F,2024-01-09
42,275,M,Playera,4,2.5,1,166.4,M,2024-01-09
7,251,H,Pantalon,3,3.9,1,192.01,M,2024-01-09
46,123,M,Pantalon,3,2.9,1,276.08,M,2024-01-09
10,156,M,Gorro,4,1.5,1,1380.12,M,2024-01-10
23,173,M,Bata,2,4.7,1,247.47,F,2024-01-10
7,247,H,Scrub,4,2.8,1,855.5,M,2024-01-10
22,149,H,Gorro,4,3.9,1,349.28,F,2024-01-10
43,265,H,Playera,3,2.5,1,502.24,F,2024-01-11
13,253,M,Pantalon,1,1.1,1,314.76,M,2024-01-11
16,92,H,Bata,3,1.4,1,257.95,M,2024-01-11
9,168,M,Gorro,5,3.0,1,101.12,M,2024-01-11
7,72,H,Bata,4,3.8,1,1923.75,M,2024-01-11
15,204,H,Pantalon,4,2.3,1,210.74,F,2024-01-12
34,235,H,Gorro,2,3.8,1,132.24,F,2024-01-12
8,298,H,Gorro,3,3.8,1,114.95,F,2024-01-12
9,286,M,Bata,2,3.8,1,222.36,F,2024-01-12
5,86,M,Pantalon,4,3.0,1,740.36,M,2024-01-13
31,183,M,Playera,3,4.7,1,1223.6,F,2024-01-13
32,114,M,Gorro,3,3.0,1,921.5,M,2024-01-13
33,183,H,Playera,5,2.8,1,636.16,M,2024-01-13
22,227,M,Pantalon,5,1.8,1,195.84,F,2024-01-13
16,71,M,Gorro,1,2.2,1,212.04,F,2024-01-14
17,154,M,Gorro,5,1.2,1,261.12,F,2024-01-14
45,137,H,Playera,3,3.5,1,98.8,F,2024-01-14
6,202,M,Scrub,5,2.0,1,1569.92,F,2024-01-14
41,174,M,Playera,1,2.2,1,56.43,F,2024-01-15
49,128,H,Playera,4,4.1,1,1845.9,M,2024-01-15
20,139,H,Scrub,5,2.3,1,1076.32,M,2024-01-15
28,249,M,Pantalon,3,2.0,1,669.6,M,2024-01-15
39,100,M,Pantalon,4,1.7,1,357.84,F,2024-01-15
26,265,H,Gorro,3,4.1,1,1373.7,M,2024-01-16
40,225,M,Bata,4,1.5,1,1034.28,M,2024-01-16
15,151,H,Bata,3,2.8,1,1883.7,M,2024-01-16
33,247,M,Gorro,5,3.0,1,192.72,M,2024-01-16
39,295,M,Bata,5,3.7,1,359.7,M,2024-01-17
19,276,M,Playera,1,3.5,1,1215.81,M,2024-01-17
35,155,M,Playera,4,4.2,1,262.8,F,2024-01-17
46,242,M,Scrub,1,1.2,1,319.14,F,2024-01-17
45,109,H,Scrub,2,2.2,1,280.25,F,2024-01-17
47,95,H,Gorro,5,2.1,1,48.0,M,2024-01-18
20,85,M,Gorro,4,1.6,1,1325.12,F,2024-01-18
14,235,M,Gorro,1,2.2,1,1273.7,F,2024-01-18
36,253,M,Playera,1,2.2,1,433.5,M,2024-01-18
6,215,H,Bata,2,3.1,1,1272.24,F,2024-01-18
28,60,H,Gorro,1,3.7,1,76.56,M,2024-01-19
27,61,H,Gorro,3,2.5,1,759.5,F,2024-01-19
6,219,H,Playera,5,3.9,1,1322.4,M,2024-01-19
42,291,H,Playera,1,2.3,1,494.76,M,2024-01-19
35,88,H,Playera,1,2.2,1,1512.42,F,2024-01-20
44,248,H,Bata,2,3.2,1,38.28,M,2024-01-20
30,188,H,Gorro,3,1.1,1,696.6,F,2024-01-20
33,85,M,Pantalon,1,1.3,1,1086.75,M,2024-01-20
7,101,H,Pantalon,5,2.7,1,184.76,F,2024-01-20
18,80,H,Gorro,5,4.8,1,137.46,F,2024-01-21
29,82,H,Gorro,1,3.9,1,423.36,M,2024-01-21
5,190,H,Gorro,3,1.4,1,757.44,F,2024-01-21
7,195,M,Gorro,5,4.4,1,716.85,F,2024-01-21
30,218,H,Bata,5,3.9,1,970.2,F,2024-01-22
22,107,M,Pantalon,3,3.4,1,806.76,M,2024-01-22
13,233,M,Scrub,3,4.3,1,424.23,M,2024-01-22
42,201,M,Pantalon,1,2.6,1,623.35,F,2024-01-22
27,250,H,Pantalon,4,1.9,1,405.35,F,2024-01-22
25,177,H,Playera,2,3.0,1,1556.64,M,2024-01-23
5,80,H,Gorro,4,3.2,1,388.72,M,2024-01-23
25,104,M,Gorro,4,3.2,1,200.66,F,2024-01-23
31,282,M,Gorro,5,3.3,1,1109.4,M,2024-01-23
46,59,M,Playera,3,4.8,1,95.59,M,2024-01-24
10,237,M,Bata,5,4.6,1,319.2,F,2024-01-24
48,179,H,Bata,2,4.5,1,337.68,M,2024-01-24
40,279,H,Scrub,1,4.2,1,246.61,M,2024-01-24
32,64,H,Bata,2,4.8,1,280.24,M,2024-01-24
49,52,M,Bata,5,1.4,1,1061.1,F,2024-01-25
21,92,M,Gorro,5,2.1,1,149.46,M,2024-01-25
44,208,H,Pantalon,5,3.0,1,2151.36,F,2024-01-25
7,247,H,Bata,5,4.4,1,610.56,M,2024-01-25
16,116,M,Bata,4,3.0,1,569.75,M,2024-01-25
43,105,H,Playera,1,4.0,1,413.1,F,2024-01-26
16,112,H,Scrub,4,1.6,1,306.6,F,2024-01-26
6,252,M,Playera,5,2.0,1,300.8,F,2024-01-26
26,64,M,Gorro,3,3.9,1,1037.4,F,2024-01-26
27,158,M,Pantalon,4,1.7,1,487.9,M,2024-01-27
34,165,H,Scrub,5,2.4,1,724.8,F,2024-01-27
9,141,M,Playera,5,2.1,1,1151.04,F,2024-01-27
13,187,H,Bata,1,2.4,1,340.4,F,2024-01-27
25,215,H,Bata,2,3.8,1,168.0,M,2024-01-27
15,96,M,Scrub,4,2.5,1,725.88,M,2024-01-28
9,106,H,Bata,4,3.2,1,1133.16,F,2024-01-28
39,99,M,Playera,4,1.4,1,509.64,F,2024-01-28
31,291,M,Playera,5,4.2,1,57.6,F,2024-01-28
6,120,H,Bata,1,2.5,1,1082.52,F,2024-01-29
28,192,H,Bata,5,3.6,1,517.5,M,2024-01-29
35,195,M,Gorro,5,3.9,1,797.3,F,2024-01-29
37,131,M,Pantalon,3,1.8,1,486.4,M,2024-01-29
43,165,M,Scrub,1,4.5,1,482.79,F,2024-01-29
34,154,M,Playera,4,3.5,1,1152.0,F,2024-01-30
41,137,M,Scrub,2,2.7,1,234.78,M,2024-01-30
32,51,M,Gorro,4,1.7,1,723.06,F,2024-01-30
35,153,H,Playera,5,4.8,1,183.6,F,2024-01-30
15,133,H,Gorro,1,4.0,1,228.42,F,2024-01-31
27,275,H,Gorro,1,1.8,1,291.56,F,2024-01-31
6,92,H,Bata,1,2.4,1,1417.5,M,2024-01-31
44,203,M,Scrub,3,4.2,1,225.9,F,2024-01-31
45,120,H,Scrub,4,3.8,1,1030.75,F,2024-01-31
31,215,H,Bata,3,4.1,1,190.19,M,2024-02-01
39,143,M,Scrub,2,2.8,1,800.25,F,2024-02-01
6,91,H,Bata,5,3.9,1,981.12,M,2024-02-01
43,182,M,Playera,3,2.5,1,285.6,F,2024-02-01
41,188,M,Gorro,3,1.8,1,1359.04,F,2024-02-02
25,114,M,Gorro,5,3.5,1,134.48,F,2024-02-02
9,83,M,Scrub,1,4.9,1,1579.2,M,2024-02-02
49,169,M,Pantalon,5,2.2,1,647.7,M,2024-02-02
25,50,H,Gorro,4,2.8,1,142.83,F,2024-02-02
33,260,H,Bata,5,3.7,1,1278.9,M,2024-02-03
24,179,H,Pantalon,1,3.2,1,529.2,F,2024-02-03
42,262,M,Pantalon,5,4.4,1,610.5,M,2024-02-03
24,197,H,Gorro,3,4.0,1,133.98,F,2024-02-03
29,110,H,Gorro,2,1.2,1,105.47,M,2024-02-03
6,264,H,Gorro,3,5.0,1,720.48,F,2024-02-04
36,198,H,Bata,2,4.0,1,1190.7,M,2024-02-04
30,137,M,Pantalon,5,4.5,1,129.0,M,2024-02-04
10,117,H,Scrub,4,3.6,1,1299.6,M,2024-02-04
45,176,M,Bata,5,4.4,1,489.28,M,2024-02-05
7,189,M,Playera,1,1.4,1,680.15,F,2024-02-05
37,71,H,Gorro,5,2.4,1,277.02,F,2024-02-05
5,197,M,Pantalon,2,4.5,1,1722.72,M,2024-02-05
9,131,M,Bata,3,1.8,1,314.88,F,2024-02-05
17,178,M,Playera,4,1.3,1,577.5,M,2024-02-06
23,79,M,Bata,5,4.2,1,948.6,F,2024-02-06
16,175,M,Bata,5,4.3,1,245.28,M,2024-02-06
29,146,M,Scrub,3,1.7,1,1087.32,F,2024-02-06
39,73,M,Scrub,4,4.4,1,282.24,F,2024-02-07
16,63,H,Bata,5,3.7,1,1006.74,M,2024-02-07
34,85,H,Playera,5,3.1,1,771.12,M,2024-02-07
9,246,M,Pantalon,2,4.3,1,693.0,M,2024-02-07
38,252,M,Pantalon,2,2.7,1,1800.72,M,2024-02-07
26,73,H,Gorro,1,1.8,1,612.32,M,2024-02-08
43,237,H,Gorro,3,2.1,1,170.19,F,2024-02-08
17,144,H,Pantalon,4,3.0,1,84.68,M,2024-02-08
7,104,H,Bata,5,3.1,1,233.2,F,2024-02-08
24,254,M,Bata,5,4.2,1,497.76,M,2024-02-09
35,257,M,Scrub,1,4.2,1,237.12,F,2024-02-09
9,73,H,Scrub,5,3.3,1,631.04,F,2024-02-09
28,254,H,Gorro,3,4.1,1,127.49,M,2024-02-09
44,201,H,Pantalon,1,1.8,1,510.3,M,2024-02-09
37,231,H,Bata,3,1.2,1,462.92,F,2024-02-10
12,75,M,Pantalon,1,4.5,1,1194.16,F,2024-02-10
28,243,H,Playera,5,1.3,1,348.84,M,2024-02-10
24,129,H,Pantalon,1,2.0,1,936.54,F,2024-02-10
20,215,H,Playera,2,3.8,1,388.17,F,2024-02-10
16,287,M,Scrub,4,2.6,1,556.95,F,2024-02-11
17,114,M,Scrub,5,4.5,1,379.62,F,2024-02-11
49,290,M,Gorro,4,2.2,1,590.52,F,2024-02-11
46,124,H,Pantalon,5,1.0,1,621.6,F,2024-02-11
43,228,H,Pantalon,4,2.2,1,499.2,M,2024-02-12
29,212,H,Playera,2,3.3,1,749.76,M,2024-02-12
36,92,M,Scrub,4,2.5,1,176.96,M,2024-02-12
28,78,M,Playera,1,3.1,1,1464.12,M,2024-02-12
48,214,H,Scrub,4,4.5,1,808.64,F,2024-02-12
13,130,H,Playera,5,4.6,1,547.41,M,2024-02-13
44,235,M,Scrub,3,2.1,1,1165.64,F,2024-02-13
27,103,H,Playera,4,2.8,1,472.14,F,2024-02-13
17,88,H,Scrub,4,3.2,1,796.08,M,2024-02-13
36,91,H,Playera,4,4.8,1,39.05,M,2024-02-14
19,205,M,Pantalon,5,5.0,1,103.53,F,2024-02-14
40,78,H,Gorro,4,1.9,1,823.68,M,2024-02-14
9,220,H,Playera,5,3.9,1,280.8,M,2024-02-14
26,180,H,Gorro,5,2.5,1,520.96,F,2024-02-14
20,293,H,Pantalon,3,1.0,1,334.8,F,2024-02-15
45,187,M,Pantalon,1,1.0,1,1042.8,F,2024-02-15
14,236,M,Scrub,5,2.8,1,86.8,F,2024-02-15
28,283,M,Gorro,2,3.0,1,196.56,F,2024-02-15
22,191,H,Bata,4,1.1,1,1746.36,F,2024-02-16
22,253,M,Scrub,2,3.7,1,419.58,M,2024-02-16
11,224,H,Gorro,4,2.2,1,486.75,M,2024-02-16
8,91,M,Playera,3,3.2,1,71.98,M,2024-02-16
30,143,H,Playera,5,2.2,1,489.6,F,2024-02-16
9,209,M,Pantalon,1,1.7,1,128.1,F,2024-02-17
20,81,M,Bata,5,2.6,1,235.6,M,2024-02-17
39,219,M,Playera,4,1.9,1,37.74,M,2024-02-17
30,209,H,Gorro,1,3.1,1,253.8,M,2024-02-17
22,75,H,Gorro,5,1.8,1,1033.68,F,2024-02-18
33,164,H,Playera,1,3.0,1,969.57,M,2024-02-18
27,178,M,Gorro,4,1.6,1,725.2,M,2024-02-18
18,105,H,Gorro,3,3.7,1,234.0,M,2024-02-18
19,171,H,Pantalon,3,4.0,1,1291.5,F,2024-02-18
37,155,H,Bata,5,1.4,1,670.5,M,2024-02-19
29,179,H,Pantalon,2,2.9,1,1021.2,M,2024-02-19
25,130,H,Bata,4,1.3,1,854.7,F,2024-02-19
21,207,H,Gorro,5,3.4,1,1147.5,F,2024-02-19
27,169,M,Bata,5,2.1,1,776.16,F,2024-02-19
47,280,M,Gorro,3,3.1,1,596.7,F,2024-02-20
21,248,H,Gorro,1,3.1,1,835.2,F,2024-02-20
18,101,M,Pantalon,4,4.7,1,140.94,M,2024-02-20
33,140,M,Pantalon,1,3.2,1,465.0,M,2024-02-20
24,186,H,Scrub,4,3.3,1,483.6,F,2024-02-21
34,71,H,Playera,2,2.6,1,293.44,F,2024-02-21
23,83,M,Scrub,3,4.8,1,291.46,F,2024-02-21
43,159,H,Scrub,2,4.1,1,351.0,F,2024-02-21
17,98,M,Bata,5,2.1,1,1684.8,M,2024-02-21
22,178,M,Gorro,3,4.4,1,1164.15,M,2024-02-22
27,122,M,Gorro,5,2.7,1,619.2,F,2024-02-22
37,133,H,Gorro,2,4.3,1,1090.4,F,2024-02-22
43,102,M,Playera,4,4.3,1,638.4,F,2024-02-22
44,260,H,Bata,5,1.8,1,837.76,F,2024-02-23
22,149,H,Bata,1,3.8,1,734.4,M,2024-02-23
13,173,H,Gorro,4,2.2,1,165.6,F,2024-02-23
37,217,H,Scrub,4,2.2,1,996.3,F,2024-02-23
36,94,H,Playera,2,2.2,1,2033.1,M,2024-02-23
21,245,M,Scrub,2,3.9,1,1541.76,F,2024-02-24
23,186,H,Pantalon,3,1.9,1,146.16,M,2024-02-24
31,154,H,Bata,3,1.0,1,223.72,F,2024-02-24
10,199,H,Bata,1,3.9,1,230.04,F,2024-02-24
39,195,H,Scrub,4,1.7,1,392.7,M,2024-02-25
41,253,H,Playera,1,1.4,1,1478.4,F,2024-02-25
38,155,M,Bata,1,2.0,1,1075.2,M,2024-02-25
24,92,H,Scrub,2,2.5,1,148.92,M,2024-02-25
29,216,H,Playera,1,2.9,1,765.44,M,2024-02-25
8,250,M,Scrub,1,1.2,1,1023.75,F,2024-02-26
14,183,H,Playera,5,4.9,1,617.4,F,2024-02-26
14,260,M,Gorro,3,3.9,1,400.4,M,2024-02-26
28,97,M,Playera,3,2.3,1,241.04,F,2024-02-26
25,175,M,Pantalon,4,2.3,1,640.64,F,2024-02-26
15,288,M,Gorro,3,2.8,1,714.4,F,2024-02-27
31,56,H,Scrub,4,3.5,1,1199.52,M,2024-02-27
20,257,H,Gorro,5,1.6,1,221.92,M,2024-02-27
30,246,M,Gorro,3,1.8,1,661.92,F,2024-02-27
34,65,M,Scrub,5,4.4,1,163.4,M,2024-02-28
20,178,H,Scrub,3,2.0,1,259.7,F,2024-02-28
11,164,M,Pantalon,3,2.5,1,882.32,F,2024-02-28
20,86,M,Scrub,5,4.5,1,546.36,F,2024-02-28
39,280,M,Bata,1,3.7,1,309.75,M,2024-02-28
20,260,H,Bata,1,2.4,1,410.55,M,2024-02-29
44,295,M,Pantalon,1,3.7,1,853.2,F,2024-02-29
16,214,H,Playera,1,1.1,1,500.49,M,2024-02-29
39,174,H,Playera,3,3.9,1,209.88,F,2024-02-29
25,130,H,Bata,2,2.9,1,1050.9,M,2024-03-01
47,241,M,Scrub,5,4.3,1,1292.76,M,2024-03-01
40,267,M,Pantalon,2,4.8,1,783.0,M,2024-03-01
21,263,H,Playera,2,4.7,1,529.76,F,2024-03-01
36,111,H,Playera,4,4.6,1,1356.81,F,2024-03-01
45,121,H,Gorro,1,3.0,1,436.54,F,2024-03-02
10,238,M,Bata,3,2.4,1,571.04,M,2024-03-02
28,174,M,Scrub,1,2.9,1,382.2,F,2024-03-02
31,210,H,Pantalon,1,3.8,1,1041.52,F,2024-03-02
24,115,H,Playera,2,4.5,1,381.8,F,2024-03-03
29,79,M,Gorro,4,1.8,1,645.12,F,2024-03-03
6,288,H,Bata,1,4.7,1,396.68,M,2024-03-03
13,69,M,Bata,5,4.3,1,971.28,M,2024-03-03
32,237,M,Pantalon,5,4.9,1,418.0,F,2024-03-03
42,131,H,Playera,1,4.5,1,415.36,M,2024-03-04
7,156,H,Pantalon,2,2.1,1,1333.71,M,2024-03-04
24,298,M,Pantalon,2,1.4,1,922.72,M,2024-03-04
10,251,M,Gorro,3,1.4,1,998.76,M,2024-03-04
43,201,M,Bata,4,2.2,1,1198.5,M,2024-03-05
37,297,M,Scrub,2,3.5,1,1433.7,F,2024-03-05
5,181,M,Bata,3,4.2,1,250.56,M,2024-03-05
41,86,H,Bata,5,4.6,1,283.04,F,2024-03-05
10,181,M,Gorro,5,3.5,1,878.4,F,2024-03-05
49,126,M,Scrub,5,1.0,1,1321.32,F,2024-03-06
38,138,M,Playera,1,1.7,1,391.95,M,2024-03-06
19,254,H,Scrub,4,1.4,1,647.92,M,2024-03-06
49,195,H,Playera,3,2.5,1,327.6,M,2024-03-06
30,137,M,Scrub,4,3.0,1,1416.96,M,2024-03-06
18,243,M,Pantalon,1,1.2,1,1397.4,F,2024-03-07
11,225,H,Scrub,3,2.4,1,257.52,F,2024-03-07
35,82,H,Gorro,3,1.7,1,325.5,F,2024-03-07
28,107,H,Playera,2,3.6,1,143.64,M,2024-03-07
35,260,H,Bata,4,2.9,1,636.23,F,2024-03-08
33,250,M,Gorro,4,3.0,1,1586.61,F,2024-03-08
46,77,H,Playera,2,2.7,1,514.9,F,2024-03-08
36,84,M,Playera,5,4.8,1,456.96,M,2024-03-08
21,298,M,Bata,1,1.9,1,404.04,F,2024-03-08
18,280,H,Pantalon,4,3.1,1,1332.63,F,2024-03-09
44,174,H,Gorro,2,3.9,1,498.96,M,2024-03-09
40,187,H,Bata,3,3.2,1,539.75,F,2024-03-09
28,114,H,Bata,2,4.7,1,140.25,M,2024-03-09
49,91,M,Pantalon,5,2.5,1,892.08,F,2024-03-10
31,134,M,Gorro,1,2.9,1,564.16,M,2024-03-10
29,186,M,Bata,5,1.4,1,545.16,M,2024-03-10
36,237,H,Pantalon,3,3.4,1,1049.2,M,2024-03-10
22,160,M,Gorro,3,2.2,1,1287.0,F,2024-03-10
22,64,H,Scrub,3,1.6,1,159.3,F,2024-03-11
41,276,M,Playera,3,3.2,1,707.07,M,2024-03-11
30,234,H,Pantalon,2,3.1,1,1817.2,M,2024-03-11
13,118,M,Playera,3,1.3,1,715.04,M,2024-03-11
39,154,M,Scrub,3,3.8,1,121.8,M,2024-03-12
12,299,H,Bata,2,3.5,1,1030.4,M,2024-03-12
24,199,M,Bata,3,1.8,1,134.19,M,2024-03-12
46,113,M,Gorro,5,2.9,1,302.94,M,2024-03-12
26,90,H,Pantalon,5,3.9,1,302.4,M,2024-03-12
23,264,H,Pantalon,4,3.1,1,1510.88,M,2024-03-13
34,120,H,Gorro,5,2.6,1,933.66,M,2024-03-13
32,105,H,Playera,1,2.3,1,300.72,M,2024-03-13
39,200,H,Bata,1,3.4,1,739.2,M,2024-03-13
47,285,M,Bata,1,4.8,1,406.98,F,2024-03-14
15,74,H,Pantalon,2,3.7,1,108.64,M,2024-03-14
35,268,M,Pantalon,5,1.3,1,846.24,F,2024-03-14
43,154,M,Gorro,1,2.8,1,264.96,F,2024-03-14
40,183,H,Scrub,4,4.6,1,691.36,F,2024-03-14
34,168,M,Playera,2,1.4,1,436.59,M,2024-03-15
27,211,M,Scrub,4,5.0,1,251.85,F,2024-03-15
23,240,H,Scrub,5,4.8,1,171.72,M,2024-03-15
16,58,M,Pantalon,3,1.3,1,525.42,F,2024-03-15
19,109,H,Pantalon,4,4.7,1,268.38,M,2024-03-15
35,174,H,Pantalon,3,2.5,1,1338.26,M,2024-03-16
47,98,H,Scrub,2,4.4,1,683.55,F,2024-03-16
41,274,M,Playera,4,2.7,1,237.82,F,2024-03-16
41,100,M,Pantalon,4,2.8,1,1528.48,M,2024-03-16
19,237,M,Bata,2,3.5,1,954.24,F,2024-03-17
33,119,M,Playera,2,4.1,1,105.28,M,2024-03-17
47,86,H,Bata,1,1.1,1,342.0,M,2024-03-17
30,80,M,Playera,5,3.4,1,345.6,M,2024-03-17
48,275,H,Pantalon,4,1.7,1,72.0,F,2024-03-17
6,218,M,Gorro,4,2.4,1,699.36,M,2024-03-18
24,111,M,Pantalon,2,2.4,1,262.55,M,2024-03-18
19,142,M,Scrub,2,2.9,1,644.16,M,2024-03-18
8,235,M,Scrub,5,2.3,1,180.36,M,2024-03-18
26,63,M,Playera,2,1.4,1,306.18,F,2024-03-19
42,213,H,Scrub,3,1.6,1,691.44,F,2024-03-19
27,213,M,Pantalon,3,1.1,1,1106.91,F,2024-03-19
30,294,M,Bata,3,2.9,1,93.72,F,2024-03-19
15,128,M,Pantalon,3,4.8,1,134.52,M,2024-03-19
32,57,M,Playera,5,1.5,1,258.75,M,2024-03-20
6,203,H,Scrub,4,4.8,1,514.8,M,2024-03-20
12,85,M,Bata,3,3.9,1,928.62,M,2024-03-20
33,97,H,Gorro,2,3.5,1,261.0,M,2024-03-20
15,134,M,Bata,3,3.6,1,802.62,M,2024-03-21
41,77,H,Bata,5,4.3,1,366.39,F,2024-03-21
22,245,H,Pantalon,2,1.4,1,314.64,M,2024-03-21
18,239,H,Gorro,3,3.0,1,693.0,M,2024-03-21
14,257,H,Playera,4,3.8,1,2094.84,M,2024-03-21
39,263,H,Playera,2,3.3,1,259.0,F,2024-03-22
13,253,M,Bata,2,4.3,1,498.2,M,2024-03-22
39,257,H,Bata,4,1.3,1,777.44,M,2024-03-22
15,100,M,Scrub,2,3.8,1,1063.79,M,2024-03-22
48,153,H,Gorro,3,3.1,1,2020.14,F,2024-03-22
16,279,H,Bata,2,2.5,1,48.51,M,2024-03-23
7,219,M,Scrub,3,2.4,1,887.4,M,2024-03-23
43,150,H,Gorro,4,3.5,1,906.36,F,2024-03-23
18,78,H,Playera,1,4.6,1,139.1,M,2024-03-23
32,176,H,Scrub,4,3.0,1,134.4,F,2024-03-24
15,131,H,Gorro,3,4.3,1,708.9,M,2024-03-24
43,59,M,Scrub,5,2.6,1,1457.28,F,2024-03-24
29,155,H,Bata,4,1.4,1,1560.06,M,2024-03-24
25,216,H,Pantalon,5,1.2,1,393.96,M,2024-03-24
14,259,M,Playera,5,1.2,1,2041.6,F,2024-03-25
47,50,M,Bata,3,2.5,1,922.74,M,2024-03-25
19,88,H,Bata,3,2.3,1,373.86,M,2024-03-25
23,70,H,Gorro,1,3.9,1,386.4,F,2024-03-25
26,114,M,Scrub,2,4.0,1,861.0,M,2024-03-26
25,64,H,Playera,4,1.2,1,163.2,F,2024-03-26
48,181,M,Bata,3,1.9,1,721.92,M,2024-03-26
36,237,H,Gorro,4,2.1,1,378.81,F,2024-03-26
27,110,M,Playera,5,3.2,1,510.25,M,2024-03-26
17,197,M,Scrub,2,1.6,1,714.0,M,2024-03-27
9,187,M,Bata,1,1.5,1,709.2,F,2024-03-27
8,136,H,Bata,4,4.8,1,570.5,M,2024-03-27
32,154,H,Bata,2,4.2,1,403.86,F,2024-03-27
18,83,H,Playera,1,1.7,1,988.08,F,2024-03-28
12,173,H,Playera,4,2.6,1,455.0,F,2024-03-28
13,159,M,Playera,2,2.4,1,261.44,M,2024-03-28
39,225,M,Playera,3,4.2,1,351.9,M,2024-03-28
41,82,M,Gorro,4,3.0,1,322.5,M,2024-03-28
25,147,H,Pantalon,2,1.5,1,43.68,F,2024-03-29
22,280,H,Gorro,1,4.0,1,261.0,F,2024-03-29
37,110,H,Bata,2,2.6,1,453.6,F,2024-03-29
12,59,M,Gorro,3,2.1,1,147.84,M,2024-03-29
21,231,H,Scrub,4,2.5,1,1622.79,F,2024-03-30
47,133,H,Playera,4,3.0,1,1362.2,M,2024-03-30
35,114,M,Scrub,4,2.4,1,779.1,M,2024-03-30
38,126,M,Scrub,3,2.0,1,544.32,M,2024-03-30
10,50,H,Bata,1,2.6,1,330.4,M,2024-03-30
26,182,M,Playera,4,1.1,1,174.3,M,2024-03-31
18,129,H,Scrub,1,4.1,1,649.6,M,2024-03-31
7,64,M,Bata,2,1.7,1,1600.56,M,2024-03-31
16,290,M,Playera,1,1.2,1,181.05,M,2024-03-31
40,77,M,Pantalon,1,3.6,1,115.29,F,2024-03-31
16,272,H,Bata,4,4.1,1,792.4,M,2024-04-01
49,72,H,Gorro,5,4.3,1,255.99,M,2024-04-01
6,289,H,Playera,5,3.0,1,1738.8,F,2024-04-01
6,158,M,Scrub,3,1.8,1,907.92,F,2024-04-01
19,156,M,Scrub,3,3.9,1,477.0,F,2024-04-02
27,194,M,Gorro,5,3.8,1,592.48,F,2024-04-02
33,162,M,Gorro,2,2.0,1,637.0,M,2024-04-02
21,147,H,Scrub,4,4.6,1,486.75,F,2024-04-02
36,190,H,Playera,4,1.4,1,1638.56,F,2024-04-02
11,191,H,Bata,2,4.9,1,374.22,F,2024-04-03
34,188,M,Gorro,2,4.4,1,212.16,F,2024-04-03
32,77,M,Gorro,5,3.8,1,1064.7,M,2024-04-03
18,91,H,Gorro,3,4.8,1,153.12,F,2024-04-03
48,273,M,Pantalon,2,3.9,1,182.24,F,2024-04-04
34,148,H,Playera,3,1.8,1,382.12,F,2024-04-04
21,110,M,Playera,1,2.8,1,645.12,F,2024-04-04
36,172,M,Playera,4,1.3,1,968.0,M,2024-04-04
10,113,H,Playera,5,2.6,1,503.94,F,2024-04-04
28,80,H,Playera,4,4.0,1,1020.0,F,2024-04-05
10,130,M,Scrub,5,2.5,1,967.98,F,2024-04-05
31,288,H,Gorro,1,2.3,1,743.85,M,2024-04-05
22,250,H,Scrub,4,3.4,1,706.23,F,2024-04-05
28,59,M,Pantalon,1,4.5,1,600.0,F,2024-04-06
41,57,M,Bata,5,1.2,1,1115.1,M,2024-04-06
28,198,M,Gorro,2,2.5,1,630.0,F,2024-04-06
42,254,H,Pantalon,4,1.6,1,137.24,M,2024-04-06
38,108,M,Scrub,1,3.8,1,575.7,M,2024-04-06
44,227,M,Bata,4,1.4,1,144.48,F,2024-04-07
19,246,M,Pantalon,4,3.7,1,1470.96,F,2024-04-07
15,247,M,Bata,4,2.1,1,849.0,M,2024-04-07
26,79,M,Pantalon,3,1.8,1,752.55,M,2024-04-07
28,272,H,Scrub,1,4.7,1,1169.28,F,2024-04-07
5,194,M,Bata,1,1.1,1,392.16,M,2024-04-08
22,252,M,Pantalon,4,2.8,1,1222.2,M,2024-04-08
48,69,H,Scrub,2,1.1,1,294.8,F,2024-04-08
16,97,M,Gorro,4,2.9,1,108.58,M,2024-04-08
47,250,M,Scrub,3,3.0,1,1471.12,M,2024-04-09
32,179,H,Scrub,5,2.3,1,319.2,M,2024-04-09
44,86,M,Gorro,3,1.5,1,1575.9,M,2024-04-09
11,178,H,Scrub,2,2.5,1,168.2,M,2024-04-09
27,181,M,Gorro,4,3.7,1,141.94,M,2024-04-09
25,149,H,Gorro,1,4.1,1,192.24,F,2024-04-10
38,103,H,Gorro,4,3.1,1,1123.2,M,2024-04-10
15,171,M,Pantalon,2,3.4,1,93.15,F,2024-04-10
26,74,H,Bata,1,1.8,1,694.4,F,2024-04-10
46,180,H,Pantalon,3,2.1,1,343.62,F,2024-04-11
39,58,M,Gorro,5,1.6,1,573.54,F,2024-04-11
33,263,M,Bata,5,2.0,1,385.84,F,2024-04-11
46,264,H,Bata,4,1.9,1,524.16,F,2024-04-11
32,253,M,Gorro,3,3.1,1,768.96,F,2024-04-11
22,251,H,Bata,2,3.3,1,468.6,F,2024-04-12
18,83,H,Bata,5,4.8,1,1116.95,M,2024-04-12
22,92,M,Pantalon,3,1.8,1,558.9,F,2024-04-12
32,123,M,Bata,4,3.6,1,1056.24,F,2024-04-12
28,143,H,Gorro,1,4.3,1,1468.53,F,2024-04-13
12,71,M,Playera,4,3.2,1,779.88,M,2024-04-13
46,119,M,Playera,4,2.0,1,238.5,F,2024-04-13
49,291,H,Playera,3,2.1,1,547.6,M,2024-04-13
12,179,H,Gorro,5,1.2,1,268.8,F,2024-04-13
8,143,H,Playera,3,2.2,1,382.16,F,2024-04-14
31,243,H,Pantalon,1,4.0,1,486.0,M,2024-04-14
40,81,H,Gorro,3,1.2,1,890.0,F,2024-04-14
9,155,H,Gorro,2,1.9,1,423.44,M,2024-04-14
37,193,M,Gorro,4,3.8,1,827.64,M,2024-04-15
38,253,H,Bata,5,4.1,1,75.9,F,2024-04-15
34,50,M,Bata,1,2.8,1,144.4,F,2024-04-15
12,294,M,Bata,4,3.8,1,362.6,M,2024-04-15
43,121,H,Scrub,3,2.6,1,334.56,M,2024-04-15
30,225,M,Pantalon,2,1.6,1,196.0,F,2024-04-16
41,99,H,Gorro,3,2.6,1,523.32,F,2024-04-16
38,190,M,Gorro,4,3.3,1,684.0,F,2024-04-16
11,64,H,Bata,1,4.8,1,822.4,M,2024-04-16
44,102,H,Gorro,5,1.3,1,792.65,F,2024-04-16
32,221,H,Gorro,4,3.0,1,269.28,M,2024-04-17
43,57,H,Playera,1,2.3,1,637.29,F,2024-04-17
43,123,M,Gorro,4,3.0,1,726.88,M,2024-04-17
32,95,M,Scrub,2,1.1,1,394.24,M,2024-04-17
18,118,M,Bata,3,2.3,1,366.96,F,2024-04-18
42,163,M,Pantalon,5,4.3,1,320.26,M,2024-04-18
8,196,M,Pantalon,1,3.2,1,1234.71,M,2024-04-18
46,288,H,Playera,5,2.8,1,488.43,M,2024-04-18
22,215,H,Pantalon,5,2.1,1,768.24,M,2024-04-18
48,172,H,Pantalon,5,2.2,1,1349.6,M,2024-04-19
29,188,H,Bata,1,2.5,1,1106.56,F,2024-04-19
11,166,H,Bata,1,4.3,1,689.92,F,2024-04-19
42,92,M,Scrub,5,4.9,1,380.64,M,2024-04-19
32,69,H,Playera,3,2.8,1,1396.5,F,2024-04-20
9,197,H,Pantalon,4,2.6,1,178.76,M,2024-04-20
7,70,M,Scrub,5,4.4,1,778.32,M,2024-04-20
48,131,M,Playera,2,2.7,1,918.0,F,2024-04-20
35,106,H,Pantalon,5,3.2,1,245.52,M,2024-04-20
46,227,H,Pantalon,1,1.9,1,141.52,M,2024-04-21
24,123,M,Bata,4,4.0,1,2163.84,M,2024-04-21
23,147,H,Gorro,2,3.1,1,598.5,F,2024-04-21
15,203,H,Playera,4,4.2,1,915.2,F,2024-04-21
44,207,H,Pantalon,4,4.1,1,377.88,M,2024-04-22
7,250,M,Playera,2,1.9,1,574.56,M,2024-04-22
27,159,H,Scrub,5,3.9,1,979.29,M,2024-04-22
11,164,H,Scrub,5,4.2,1,846.72,M,2024-04-22
27,208,M,Gorro,5,2.4,1,897.84,M,2024-04-22
11,91,M,Pantalon,3,1.7,1,1168.74,F,2024-04-23
38,296,M,Bata,5,1.0,1,883.96,F,2024-04-23
46,117,H,Pantalon,2,2.8,1,112.22,F,2024-04-23
23,238,M,Playera,3,2.4,1,190.26,F,2024-04-23
13,238,H,Scrub,5,3.2,1,49.64,M,2024-04-23
22,119,M,Playera,3,1.8,1,1343.68,M,2024-04-24
45,127,H,Gorro,2,4.4,1,1584.0,F,2024-04-24
49,245,M,Scrub,5,2.0,1,699.54,F,2024-04-24
46,139,H,Bata,1,1.9,1,254.6,M,2024-04-24
29,160,H,Scrub,2,2.9,1,1488.96,F,2024-04-25
18,161,M,Pantalon,4,3.0,1,615.6,M,2024-04-25
48,152,M,Pantalon,4,1.9,1,368.28,M,2024-04-25
29,194,H,Scrub,2,2.1,1,1023.84,M,2024-04-25
23,68,M,Gorro,4,1.7,1,181.04,F,2024-04-25
43,228,H,Pantalon,2,3.9,1,783.2,F,2024-04-26
19,290,M,Pantalon,1,4.1,1,161.66,F,2024-04-26
20,119,M,Bata,2,2.8,1,670.53,F,2024-04-26
31,112,H,Scrub,5,3.9,1,1406.16,F,2024-04-26
44,270,M,Pantalon,5,3.9,1,656.88,M,2024-04-27
14,124,M,Gorro,3,1.6,1,1152.8,F,2024-04-27
8,257,H,Playera,4,4.9,1,476.16,M,2024-04-27
23,207,H,Scrub,4,4.3,1,278.16,M,2024-04-27
32,202,M,Bata,2,1.8,1,640.0,M,2024-04-27
25,153,H,Pantalon,4,1.7,1,215.28,F,2024-04-28
18,124,M,Gorro,5,1.5,1,1016.8,F,2024-04-28
37,177,M,Scrub,1,1.6,1,245.76,F,2024-04-28
14,248,H,Gorro,2,4.0,1,944.46,F,2024-04-28
23,203,H,Gorro,4,2.9,1,1097.6,F,2024-04-29
34,105,H,Bata,5,4.1,1,802.24,F,2024-04-29
26,71,H,Scrub,3,4.0,1,502.68,F,2024-04-29
7,138,H,Pantalon,4,3.4,1,1795.5,F,2024-04-29
41,68,H,Bata,1,3.7,1,1033.2,M,2024-04-29
45,208,M,Pantalon,1,1.1,1,445.9,F,2024-04-30
22,75,M,Playera,4,2.2,1,1490.58,M,2024-04-30
15,219,H,Gorro,4,3.6,1,2322.9,M,2024-04-30
6,218,M,Playera,5,1.0,1,577.92,M,2024-04-30
16,277,M,Gorro,4,1.1,1,196.69,M,2024-05-01
10,72,M,Bata,3,4.4,1,380.52,F,2024-05-01
47,96,M,Pantalon,5,3.7,1,1364.37,F,2024-05-01
44,62,H,Pantalon,2,2.1,1,360.0,M,2024-05-01
48,266,M,Bata,3,3.8,1,797.72,M,2024-05-01
33,115,M,Scrub,5,4.2,1,575.19,M,2024-05-02
34,243,H,Playera,5,2.2,1,381.6,F,2024-05-02
6,193,H,Playera,1,1.1,1,1195.95,M,2024-05-02
13,122,H,Pantalon,5,4.7,1,767.52,M,2024-05-02
6,205,H,Pantalon,3,2.4,1,1598.94,F,2024-05-02
33,126,M,Pantalon,4,1.4,1,1271.1,M,2024-05-03
37,212,H,Bata,3,3.0,1,475.02,F,2024-05-03
14,218,M,Scrub,2,4.1,1,355.68,F,2024-05-03
38,254,M,Playera,5,1.9,1,797.3,M,2024-05-03
48,80,H,Gorro,5,2.1,1,324.0,M,2024-05-04
12,134,H,Bata,5,2.0,1,682.44,M,2024-05-04
41,209,H,Playera,5,5.0,1,90.21,F,2024-05-04
37,231,H,Scrub,1,1.8,1,177.39,F,2024-05-04
10,275,H,Bata,1,3.3,1,1244.88,F,2024-05-04
48,249,H,Playera,4,4.7,1,311.6,M,2024-05-05
44,108,M,Bata,5,1.6,1,1208.48,M,2024-05-05
49,90,M,Playera,2,4.9,1,159.3,M,2024-05-05
23,161,M,Playera,4,4.8,1,235.48,M,2024-05-05
36,243,M,Scrub,5,4.5,1,1066.56,M,2024-05-06
31,279,H,Gorro,1,1.9,1,318.42,M,2024-05-06
5,145,H,Scrub,2,3.5,1,225.68,F,2024-05-06
47,231,M,Playera,4,4.0,1,286.0,F,2024-05-06
37,217,M,Bata,2,4.9,1,414.19,F,2024-05-06
44,171,M,Scrub,5,1.7,1,318.2,M,2024-05-07
36,205,H,Gorro,3,4.1,1,665.6,F,2024-05-07
9,214,H,Playera,2,2.4,1,535.68,F,2024-05-07
21,154,H,Scrub,2,1.7,1,1531.81,F,2024-05-07
12,242,M,Scrub,1,2.7,1,495.36,M,2024-05-08
46,282,M,Scrub,5,4.2,1,242.88,M,2024-05-08
38,123,H,Scrub,2,2.9,1,657.0,F,2024-05-08
13,232,H,Bata,5,3.2,1,174.08,M,2024-05-08
27,181,M,Gorro,1,5.0,1,282.03,M,2024-05-08
39,148,M,Gorro,5,2.6,1,75.05,M,2024-05-09
11,175,H,Playera,1,3.5,1,238.62,M,2024-05-09
19,187,M,Pantalon,1,2.5,1,956.13,F,2024-05-09
24,224,H,Bata,4,2.6,1,481.6,M,2024-05-09
29,124,H,Playera,5,3.8,1,620.4,F,2024-05-09
7,63,M,Playera,3,4.8,1,1021.02,F,2024-05-10
28,87,M,Scrub,4,3.2,1,99.4,M,2024-05-10
38,189,M,Pantalon,1,4.1,1,342.0,M,2024-05-10
26,94,H,Pantalon,3,1.4,1,135.72,M,2024-05-10
15,194,M,Bata,2,1.8,1,1752.32,F,2024-05-11
12,257,M,Pantalon,2,3.0,1,136.74,F,2024-05-11
43,212,H,Playera,4,1.1,1,618.24,F,2024-05-11
47,243,H,Pantalon,3,2.0,1,1045.8,F,2024-05-11
39,124,M,Pantalon,5,3.1,1,695.46,F,2024-05-11
42,218,H,Gorro,3,1.1,1,195.84,F,2024-05-12
12,244,H,Playera,4,2.1,1,91.76,F,2024-05-12
41,78,H,Pantalon,5,3.1,1,558.45,M,2024-05-12
31,67,M,Pantalon,5,3.3,1,1189.44,F,2024-05-12
32,69,M,Scrub,2,4.7,1,765.0,F,2024-05-13
44,288,H,Pantalon,3,3.6,1,230.4,F,2024-05-13
38,63,H,Pantalon,5,2.7,1,365.04,F,2024-05-13
36,211,H,Gorro,4,4.7,1,105.0,M,2024-05-13
19,226,M,Playera,2,4.1,1,102.6,F,2024-05-13
48,103,H,Bata,5,1.8,1,631.2,F,2024-05-14
21,80,H,Playera,3,1.5,1,299.2,M,2024-05-14
37,107,M,Scrub,2,3.7,1,96.28,M,2024-05-14
20,153,H,Playera,3,3.2,1,629.92,F,2024-05-14
33,219,M,Pantalon,3,4.2,1,137.46,F,2024-05-15
13,235,M,Scrub,3,4.0,1,144.55,F,2024-05-15
37,177,M,Playera,2,3.5,1,820.76,F,2024-05-15
33,259,H,Scrub,5,4.9,1,673.96,F,2024-05-15
17,207,H,Bata,1,3.1,1,763.56,F,2024-05-15
25,74,M,Playera,5,1.5,1,1047.55,M,2024-05-16
25,240,H,Pantalon,2,4.3,1,82.08,M,2024-05-16
9,68,M,Scrub,1,2.0,1,1067.08,F,2024-05-16
14,249,H,Gorro,1,4.1,1,432.0,F,2024-05-16
10,269,M,Scrub,1,4.8,1,1273.05,F,2024-05-17
17,185,M,Gorro,4,3.8,1,491.4,M,2024-05-17
5,272,H,Pantalon,2,3.4,1,499.5,F,2024-05-17
24,52,H,Bata,4,2.8,1,1065.36,M,2024-05-17
12,244,H,Gorro,1,2.5,1,347.2,M,2024-05-17
14,285,H,Bata,4,2.4,1,396.18,F,2024-05-18
13,135,M,Scrub,4,3.5,1,173.88,M,2024-05-18
45,258,M,Pantalon,2,4.0,1,497.25,F,2024-05-18
7,277,H,Gorro,3,3.7,1,181.56,M,2024-05-18
15,194,H,Scrub,4,1.8,1,194.36,F,2024-05-18
16,191,M,Playera,4,3.0,1,514.08,F,2024-05-19
14,292,H,Scrub,1,4.2,1,1143.92,M,2024-05-19
29,58,H,Bata,1,2.9,1,778.4,M,2024-05-19
29,239,H,Pantalon,1,3.1,1,310.5,M,2024-05-19
15,143,H,Pantalon,5,4.1,1,583.44,F,2024-05-20
40,198,M,Scrub,4,3.6,1,1658.16,M,2024-05-20
43,253,M,Playera,1,2.6,1,267.12,M,2024-05-20
30,214,H,Bata,2,4.6,1,684.0,F,2024-05-20
18,273,M,Scrub,5,1.7,1,847.8,F,2024-05-20
43,188,H,Scrub,3,5.0,1,516.6,M,2024-05-21
44,69,H,Pantalon,4,1.5,1,235.84,M,2024-05-21
5,84,H,Bata,4,1.1,1,142.5,M,2024-05-21
8,102,M,Playera,2,4.6,1,176.8,F,2024-05-21
34,224,M,Pantalon,3,2.0,1,336.0,F,2024-05-22
16,159,M,Scrub,3,3.9,1,612.0,M,2024-05-22
39,252,M,Pantalon,5,4.2,1,315.0,F,2024-05-22
17,229,M,Pantalon,4,4.4,1,826.5,M,2024-05-22
35,185,H,Gorro,1,5.0,1,122.64,M,2024-05-22
42,53,H,Pantalon,2,2.2,1,1161.44,F,2024-05-23
47,204,M,Pantalon,2,3.8,1,282.1,M,2024-05-23
27,221,M,Bata,2,1.5,1,838.8,M,2024-05-23
8,217,M,Pantalon,2,2.6,1,566.1,F,2024-05-23
20,151,H,Playera,1,4.4,1,968.24,M,2024-05-24
11,96,M,Scrub,1,2.5,1,154.35,M,2024-05-24
26,143,H,Bata,5,3.4,1,300.6,F,2024-05-24
33,221,H,Pantalon,4,3.0,1,297.92,M,2024-05-24
15,97,M,Playera,1,3.6,1,79.31,M,2024-05-24
37,289,H,Scrub,5,4.9,1,108.58,F,2024-05-25
33,140,H,Bata,3,1.2,1,585.65,F,2024-05-25
43,262,M,Playera,4,3.3,1,1201.59,F,2024-05-25
16,229,H,Pantalon,1,4.5,1,679.32,M,2024-05-25
11,133,M,Gorro,3,2.9,1,164.3,F,2024-05-26
43,117,H,Gorro,5,1.3,1,535.68,M,2024-05-26
46,188,M,Bata,1,3.2,1,897.84,F,2024-05-26
30,254,M,Playera,1,2.3,1,665.0,M,2024-05-26
44,174,H,Scrub,3,1.6,1,789.6,M,2024-05-26
13,122,M,Playera,1,4.4,1,519.39,F,2024-05-27
45,53,H,Gorro,2,3.1,1,871.74,M,2024-05-27
38,125,H,Bata,1,4.7,1,156.8,M,2024-05-27
49,122,M,Pantalon,4,4.2,1,415.54,F,2024-05-27
17,126,H,Playera,3,3.8,1,766.65,M,2024-05-27
40,97,M,Gorro,4,1.0,1,1188.54,M,2024-05-28
29,203,H,Scrub,5,2.7,1,357.75,M,2024-05-28
28,151,H,Bata,4,1.8,1,194.88,F,2024-05-28
48,155,M,Pantalon,2,4.6,1,311.04,F,2024-05-28
21,126,H,Playera,2,1.7,1,167.56,F,2024-05-29
6,88,H,Scrub,4,2.1,1,755.25,F,2024-05-29
17,269,H,Pantalon,5,3.1,1,625.86,F,2024-05-29
35,107,H,Gorro,1,2.1,1,1422.9,F,2024-05-29
33,68,H,Gorro,2,1.8,1,513.3,F,2024-05-29
32,137,H,Scrub,4,3.4,1,911.04,F,2024-05-30
31,260,H,Gorro,4,1.4,1,62.92,M,2024-05-30
19,162,H,Bata,4,1.2,1,663.3,M,2024-05-30
35,126,M,Scrub,1,2.5,1,149.06,M,2024-05-30
44,126,H,Gorro,3,3.9,1,364.56,M,2024-05-31
19,235,H,Playera,5,3.2,1,1193.64,F,2024-05-31
37,77,M,Gorro,3,2.7,1,539.0,M,2024-05-31
24,294,M,Bata,5,3.3,1,50.74,M,2024-05-31
46,115,M,Pantalon,5,2.5,1,365.04,M,2024-05-31
16,59,H,Pantalon,4,4.7,1,391.05,M,2024-06-01
41,175,M,Gorro,2,1.2,1,1037.16,M,2024-06-01
13,263,M,Pantalon,4,3.7,1,399.84,F,2024-06-01
27,254,H,Gorro,1,4.6,1,834.4,F,2024-06-01
12,107,H,Bata,5,4.2,1,156.96,M,2024-06-02
36,250,M,Pantalon,2,1.7,1,498.96,M,2024-06-02
18,274,M,Playera,5,2.2,1,1325.28,M,2024-06-02
31,191,H,Gorro,5,3.9,1,269.1,M,2024-06-02
29,174,H,Pantalon,4,1.3,1,292.5,F,2024-06-02
17,161,H,Bata,2,4.2,1,619.36,M,2024-06-03
25,133,H,Bata,2,3.9,1,777.45,F,2024-06-03
49,192,H,Playera,5,3.9,1,1332.81,M,2024-06-03
35,145,M,Bata,2,1.4,1,657.6,F,2024-06-03
41,82,H,Bata,2,3.9,1,626.4,F,2024-06-03
47,194,H,Pantalon,4,3.7,1,1536.48,F,2024-06-04
9,201,H,Gorro,3,4.3,1,418.9,M,2024-06-04
17,207,H,Scrub,1,1.2,1,1048.32,M,2024-06-04
32,239,H,Bata,3,1.1,1,487.06,F,2024-06-04
47,190,M,Bata,2,2.5,1,695.52,M,2024-06-05
29,239,H,Scrub,5,1.6,1,635.85,M,2024-06-05
39,96,M,Bata,1,3.2,1,1540.0,F,2024-06-05
43,161,H,Pantalon,1,4.7,1,462.0,M,2024-06-05
11,193,M,Pantalon,5,2.6,1,171.36,F,2024-06-05
42,243,M,Scrub,1,4.4,1,554.4,M,2024-06-06
36,258,H,Bata,5,1.0,1,330.24,M,2024-06-06
7,273,H,Bata,1,1.7,1,513.42,F,2024-06-06
49,92,H,Gorro,3,1.1,1,720.0,F,2024-06-06
43,57,H,Bata,1,2.3,1,306.16,F,2024-06-07
41,293,H,Pantalon,4,4.6,1,1365.12,F,2024-06-07
26,52,M,Playera,5,1.4,1,928.56,M,2024-06-07
12,174,H,Playera,1,3.4,1,1694.7,M,2024-06-07
21,61,H,Playera,5,2.8,1,744.0,M,2024-06-07
31,133,M,Playera,4,4.8,1,1391.94,F,2024-06-08
37,65,H,Bata,1,1.5,1,480.6,M,2024-06-08
21,127,M,Bata,1,1.8,1,920.04,M,2024-06-08
46,257,H,Gorro,4,1.1,1,1012.5,M,2024-06-08
16,108,M,Bata,4,2.7,1,339.09,F,2024-06-09
31,294,H,Playera,4,2.1,1,548.1,F,2024-06-09
12,226,M,Scrub,5,4.5,1,617.76,M,2024-06-09
27,112,M,Scrub,4,3.4,1,737.3,M,2024-06-09
46,239,H,Pantalon,5,3.5,1,170.85,F,2024-06-09
33,284,H,Pantalon,3,3.1,1,176.28,F,2024-06-10
24,98,H,Bata,1,1.4,1,491.4,F,2024-06-10
20,100,M,Scrub,1,2.8,1,258.72,F,2024-06-10
21,295,M,Playera,2,5.0,1,458.28,M,2024-06-10
20,82,M,Playera,3,4.3,1,594.75,F,2024-06-11
23,79,H,Playera,4,4.6,1,361.92,M,2024-06-11
12,236,H,Bata,4,4.3,1,393.12,F,2024-06-11
42,125,M,Bata,3,1.4,1,190.38,M,2024-06-11
42,64,H,Gorro,4,1.9,1,1099.68,M,2024-06-11
33,131,M,Playera,2,1.0,1,177.12,F,2024-06-12
45,141,H,Playera,5,2.2,1,141.7,M,2024-06-12
40,72,H,Bata,1,1.4,1,626.4,M,2024-06-12
30,255,M,Bata,3,2.9,1,768.6,M,2024-06-12
35,143,H,Gorro,1,3.7,1,873.6,F,2024-06-12
48,274,H,Gorro,5,4.5,1,148.92,F,2024-06-13
16,94,H,Pantalon,3,4.0,1,1028.58,F,2024-06-13
21,111,H,Scrub,5,4.8,1,618.45,M,2024-06-13
19,256,H,Playera,4,1.2,1,80.24,M,2024-06-13
13,248,M,Playera,4,1.0,1,124.02,M,2024-06-14
43,64,H,Gorro,4,3.6,1,299.04,M,2024-06-14
46,293,M,Gorro,5,2.2,1,211.4,F,2024-06-14
16,283,H,Pantalon,5,2.0,1,597.87,M,2024-06-14
36,95,H,Scrub,5,2.3,1,210.6,M,2024-06-14
29,113,M,Pantalon,1,2.1,1,984.96,M,2024-06-15
43,279,M,Scrub,5,3.0,1,639.9,F,2024-06-15
22,223,H,Playera,4,2.8,1,1320.2,M,2024-06-15
19,233,H,Pantalon,2,3.0,1,56.95,F,2024-06-15
36,298,M,Gorro,5,3.7,1,1247.64,F,2024-06-16
10,295,M,Pantalon,2,2.5,1,789.52,M,2024-06-16
48,221,M,Pantalon,4,2.0,1,363.54,M,2024-06-16
47,124,M,Playera,5,1.7,1,996.84,M,2024-06-16
39,206,H,Gorro,1,2.4,1,226.8,M,2024-06-16
38,272,H,Gorro,1,4.0,1,780.8,F,2024-06-17
42,239,H,Bata,2,4.0,1,94.35,F,2024-06-17
9,266,H,Bata,1,3.7,1,709.56,F,2024-06-17
22,101,H,Bata,1,1.9,1,715.52,F,2024-06-17
20,231,M,Playera,1,3.4,1,111.86,F,2024-06-18
12,137,M,Pantalon,4,3.3,1,1196.82,F,2024-06-18
29,106,M,Gorro,1,2.9,1,302.4,F,2024-06-18
36,132,H,Gorro,3,3.2,1,455.7,F,2024-06-18
30,115,M,Pantalon,5,3.0,1,81.84,F,2024-06-18
26,199,H,Gorro,1,3.3,1,650.72,F,2024-06-19
35,69,H,Pantalon,1,3.9,1,180.94,M,2024-06-19
47,82,H,Playera,1,1.4,1,279.24,M,2024-06-19
14,121,M,Playera,3,4.0,1,151.68,M,2024-06-19
16,74,H,Playera,1,1.5,1,241.92,F,2024-06-19
32,95,H,Pantalon,1,1.3,1,269.62,M,2024-06-20
10,122,M,Pantalon,5,4.9,1,216.6,F,2024-06-20
24,147,H,Scrub,3,4.8,1,700.15,F,2024-06-20
9,106,M,Gorro,3,1.2,1,397.98,M,2024-06-20
27,136,H,Gorro,1,2.8,1,88.92,F,2024-06-21
13,182,M,Scrub,3,1.7,1,669.6,M,2024-06-21
33,104,H,Scrub,2,2.9,1,776.88,F,2024-06-21
20,110,H,Playera,3,4.3,1,340.56,F,2024-06-21
26,138,M,Scrub,3,4.8,1,229.68,M,2024-06-21
12,57,H,Pantalon,3,3.5,1,418.9,M,2024-06-22
24,65,M,Bata,4,2.4,1,159.03,M,2024-06-22
18,295,H,Pantalon,4,3.4,1,528.96,M,2024-06-22
43,225,M,Scrub,4,2.2,1,584.22,M,2024-06-22
41,286,H,Gorro,3,4.6,1,197.6,M,2024-06-23
38,165,H,Pantalon,2,4.5,1,712.8,F,2024-06-23
15,110,H,Gorro,3,3.2,1,332.01,F,2024-06-23
44,64,M,Pantalon,1,2.3,1,273.87,F,2024-06-23
37,242,M,Gorro,2,2.2,1,649.44,F,2024-06-23
35,199,M,Pantalon,4,1.1,1,1166.88,M,2024-06-24
48,180,M,Gorro,5,4.3,1,187.68,F,2024-06-24
38,151,M,Bata,2,2.8,1,117.78,F,2024-06-24
11,103,H,Playera,4,2.3,1,304.44,M,2024-06-24
27,63,H,Pantalon,2,2.9,1,119.28,F,2024-06-25
11,85,H,Bata,2,4.3,1,418.95,M,2024-06-25
29,259,H,Playera,3,1.5,1,1283.04,M,2024-06-25
7,288,H,Pantalon,1,4.4,1,549.84,M,2024-06-25
42,154,M,Bata,5,4.6,1,133.65,F,2024-06-25
24,131,H,Bata,4,4.8,1,369.36,M,2024-06-26
38,116,M,Bata,2,2.6,1,183.08,F,2024-06-26
48,59,H,Scrub,5,1.9,1,156.24,F,2024-06-26
48,98,M,Gorro,2,2.5,1,415.95,F,2024-06-26
34,280,M,Playera,1,2.3,1,351.05,M,2024-06-27
21,160,M,Gorro,5,1.7,1,1173.42,M,2024-06-27
14,114,H,Gorro,4,3.4,1,340.2,M,2024-06-27
39,268,H,Gorro,2,2.9,1,1231.2,F,2024-06-27
24,106,H,Bata,1,4.5,1,518.4,F,2024-06-27
22,76,H,Gorro,5,1.1,1,571.2,M,2024-06-28
49,252,M,Scrub,2,3.6,1,989.36,F,2024-06-28
48,162,M,Pantalon,2,4.1,1,257.92,M,2024-06-28
31,182,M,Bata,4,4.0,1,729.88,M,2024-06-28
40,120,M,Playera,1,4.5,1,827.7,F,2024-06-28
27,132,H,Pantalon,3,3.9,1,879.52,F,2024-06-29
36,106,M,Pantalon,2,4.7,1,910.8,M,2024-06-29
14,169,H,Pantalon,5,2.3,1,1162.8,F,2024-06-29
15,142,M,Gorro,4,3.0,1,487.76,M,2024-06-29
42,64,M,Gorro,4,1.1,1,787.44,M,2024-06-30
10,276,M,Bata,2,1.0,1,262.3,F,2024-06-30
45,160,H,Gorro,2,2.0,1,514.1,M,2024-06-30
38,150,H,Gorro,2,1.4,1,837.62,F,2024-06-30
40,168,M,Gorro,3,2.0,1,1058.4,M,2024-06-30
41,125,M,Bata,2,1.7,1,915.75,F,2024-07-01
21,207,M,Bata,1,1.1,1,485.46,F,2024-07-01
44,69,H,Scrub,5,4.6,1,140.4,M,2024-07-01
44,214,H,Scrub,2,1.0,1,351.26,F,2024-07-01
16,180,H,Scrub,3,3.9,1,503.23,F,2024-07-02
25,122,M,Scrub,5,1.6,1,417.56,M,2024-07-02
44,171,H,Pantalon,4,4.6,1,125.28,F,2024-07-02
23,90,M,Pantalon,2,4.6,1,172.02,M,2024-07-02
7,216,H,Scrub,5,3.6,1,498.56,F,2024-07-02
22,203,M,Scrub,4,3.7,1,82.62,M,2024-07-03
23,179,M,Playera,3,1.0,1,203.74,M,2024-07-03
10,72,H,Pantalon,1,4.9,1,126.36,M,2024-07-03
20,72,M,Playera,2,4.5,1,1443.33,M,2024-07-03
12,262,M,Playera,1,4.6,1,110.16,F,2024-07-04
22,193,M,Gorro,3,3.6,1,1657.26,M,2024-07-04
47,58,H,Bata,5,2.4,1,301.44,F,2024-07-04
43,62,M,Pantalon,5,4.6,1,208.62,M,2024-07-04
16,205,H,Scrub,3,2.2,1,394.4,F,2024-07-04
49,204,H,Scrub,3,3.3,1,262.28,M,2024-07-05
14,100,M,Bata,2,1.4,1,984.06,F,2024-07-05
11,113,H,Pantalon,4,4.7,1,347.13,F,2024-07-05
5,101,M,Scrub,1,1.6,1,1817.92,M,2024-07-05
40,258,H,Scrub,1,1.9,1,1305.44,M,2024-07-05
25,87,M,Gorro,5,3.2,1,1069.67,M,2024-07-06
41,149,H,Playera,5,4.1,1,308.76,F,2024-07-06
28,242,M,Scrub,2,3.5,1,1190.0,F,2024-07-06
29,195,M,Pantalon,3,1.9,1,267.3,F,2024-07-06
11,240,M,Bata,1,1.0,1,781.2,F,2024-07-07
46,100,M,Gorro,2,4.0,1,999.6,M,2024-07-07
21,186,H,Pantalon,5,4.9,1,391.95,M,2024-07-07
33,190,H,Gorro,5,4.2,1,1540.77,M,2024-07-07
34,217,M,Playera,1,2.8,1,161.82,M,2024-07-07
11,104,H,Scrub,5,4.6,1,208.03,F,2024-07-08
37,158,M,Pantalon,5,2.6,1,341.0,F,2024-07-08
11,256,M,Bata,4,3.1,1,481.32,M,2024-07-08
28,220,H,Playera,3,2.9,1,91.8,F,2024-07-08
15,93,H,Playera,5,2.8,1,715.14,M,2024-07-09
13,159,M,Gorro,4,4.1,1,1458.0,F,2024-07-09
16,245,H,Playera,2,3.1,1,365.12,F,2024-07-09
39,210,M,Pantalon,5,2.3,1,1827.54,F,2024-07-09
8,201,H,Gorro,2,2.0,1,313.95,F,2024-07-09
40,213,H,Playera,5,1.2,1,130.9,F,2024-07-10
32,292,H,Bata,1,3.3,1,415.4,F,2024-07-10
17,177,H,Pantalon,4,1.9,1,73.44,M,2024-07-10
27,154,H,Bata,4,1.6,1,868.32,F,2024-07-10
23,59,M,Bata,1,3.6,1,345.68,M,2024-07-11
46,149,H,Gorro,3,3.7,1,440.0,M,2024-07-11
41,197,H,Scrub,4,4.0,1,660.66,M,2024-07-11
43,282,M,Gorro,2,3.0,1,434.0,M,2024-07-11
28,158,M,Pantalon,4,4.6,1,361.92,M,2024-07-11
20,157,M,Pantalon,3,4.7,1,412.2,M,2024-07-12
37,252,H,Gorro,2,4.2,1,282.02,F,2024-07-12
16,189,H,Scrub,2,3.5,1,996.0,F,2024-07-12
38,239,M,Gorro,1,2.2,1,966.28,F,2024-07-12
11,195,M,Pantalon,5,4.9,1,1337.7,M,2024-07-13
15,143,M,Scrub,1,2.1,1,1504.79,M,2024-07-13
35,285,M,Pantalon,5,1.8,1,82.16,M,2024-07-13
33,289,H,Scrub,1,2.8,1,184.8,F,2024-07-13
17,278,H,Scrub,5,1.2,1,324.36,F,2024-07-13
35,112,H,Gorro,4,4.9,1,127.36,F,2024-07-14
6,133,H,Gorro,2,3.4,1,1179.2,M,2024-07-14
43,74,H,Gorro,5,3.2,1,714.24,M,2024-07-14
19,61,M,Scrub,4,3.6,1,604.8,M,2024-07-14
15,198,H,Scrub,3,3.0,1,270.32,F,2024-07-14
38,74,M,Pantalon,1,1.1,1,336.0,M,2024-07-15
43,60,M,Bata,3,3.4,1,808.68,M,2024-07-15
8,113,M,Gorro,4,3.9,1,1409.34,M,2024-07-15
15,250,H,Pantalon,3,2.7,1,279.99,M,2024-07-15
33,175,M,Pantalon,3,4.0,1,907.2,F,2024-07-16
6,99,H,Playera,4,1.9,1,705.6,F,2024-07-16
20,239,M,Gorro,2,1.9,1,524.16,M,2024-07-16
43,138,H,Pantalon,5,1.6,1,662.2,M,2024-07-16
17,148,M,Playera,1,2.5,1,943.2,F,2024-07-16
41,165,H,Gorro,5,4.4,1,1118.88,F,2024-07-17
21,145,M,Scrub,1,4.3,1,285.6,M,2024-07-17
25,226,M,Playera,5,2.5,1,782.46,F,2024-07-17
48,63,M,Scrub,3,3.4,1,728.75,F,2024-07-17
23,50,M,Bata,2,3.9,1,704.67,M,2024-07-18
11,258,H,Bata,3,2.0,1,877.68,F,2024-07-18
42,74,H,Bata,2,1.7,1,1170.45,F,2024-07-18
12,236,H,Bata,4,4.9,1,519.72,F,2024-07-18
17,121,M,Pantalon,1,3.5,1,563.76,F,2024-07-18
41,118,M,Bata,1,4.9,1,696.6,M,2024-07-19
6,182,M,Pantalon,4,2.4,1,270.48,F,2024-07-19
45,154,M,Pantalon,5,3.8,1,1062.56,F,2024-07-19
15,276,M,Gorro,4,1.9,1,168.21,M,2024-07-19
28,196,M,Pantalon,4,2.0,1,555.1,F,2024-07-20
10,72,H,Pantalon,2,3.0,1,305.28,M,2024-07-20
30,58,H,Bata,4,2.3,1,706.86,M,2024-07-20
11,167,H,Pantalon,1,1.7,1,826.8,F,2024-07-20
43,143,H,Scrub,3,2.1,1,251.85,F,2024-07-20
23,227,H,Bata,2,1.1,1,680.4,F,2024-07-21
10,193,H,Playera,2,3.8,1,153.94,F,2024-07-21
47,82,H,Bata,5,3.0,1,407.04,F,2024-07-21
33,179,H,Pantalon,3,1.4,1,960.89,M,2024-07-21
47,63,M,Scrub,2,1.7,1,504.9,F,2024-07-21
43,287,M,Bata,4,1.4,1,117.99,M,2024-07-22
6,50,M,Scrub,2,3.5,1,336.7,F,2024-07-22
23,139,M,Playera,2,1.4,1,414.18,M,2024-07-22
8,235,M,Playera,2,4.0,1,177.6,F,2024-07-22
10,138,M,Gorro,5,1.1,1,1370.52,F,2024-07-23
41,193,M,Gorro,2,2.0,1,121.36,F,2024-07-23
32,256,H,Bata,2,4.6,1,769.41,F,2024-07-23
34,139,H,Gorro,5,3.9,1,384.58,F,2024-07-23
11,224,M,Scrub,3,1.3,1,894.6,M,2024-07-23
13,221,H,Gorro,1,4.3,1,574.56,F,2024-07-24
29,257,H,Scrub,5,3.0,1,236.88,F,2024-07-24
37,63,H,Gorro,5,4.4,1,510.72,F,2024-07-24
5,270,H,Gorro,2,3.4,1,263.94,M,2024-07-24
10,201,H,Gorro,2,3.7,1,623.07,F,2024-07-25
22,160,M,Pantalon,1,5.0,1,226.6,M,2024-07-25
14,232,H,Pantalon,2,1.9,1,906.92,F,2024-07-25
32,192,M,Gorro,4,3.5,1,97.44,M,2024-07-25
15,132,M,Scrub,2,2.8,1,446.55,F,2024-07-25
37,121,M,Bata,2,1.2,1,558.0,F,2024-07-26
5,211,H,Playera,4,1.1,1,993.6,M,2024-07-26
17,179,M,Pantalon,1,1.5,1,222.36,F,2024-07-26
41,76,M,Gorro,4,3.6,1,446.52,M,2024-07-26
24,123,M,Playera,5,3.3,1,66.6,F,2024-07-27
5,148,M,Pantalon,4,3.2,1,1316.7,F,2024-07-27
7,264,H,Bata,3,1.1,1,109.56,M,2024-07-27
22,290,M,Scrub,5,2.9,1,1468.5,F,2024-07-27
45,121,M,Gorro,2,4.7,1,1113.7,M,2024-07-27
18,269,M,Bata,5,2.6,1,326.7,M,2024-07-28
35,72,M,Pantalon,1,3.5,1,176.0,F,2024-07-28
31,117,H,Gorro,1,4.1,1,1063.3,F,2024-07-28
21,191,M,Playera,4,4.1,1,150.96,F,2024-07-28
33,240,M,Scrub,5,3.1,1,622.08,M,2024-07-29
40,166,M,Pantalon,2,4.4,1,463.32,M,2024-07-29
41,155,M,Scrub,1,2.6,1,523.92,F,2024-07-29
30,142,M,Gorro,2,4.6,1,952.74,M,2024-07-29
21,114,M,Bata,3,2.0,1,180.56,M,2024-07-29
26,117,H,Scrub,1,2.1,1,596.16,M,2024-07-30
29,177,M,Playera,4,1.2,1,1210.68,M,2024-07-30
6,112,H,Pantalon,3,4.2,1,185.6,F,2024-07-30
26,273,H,Playera,5,2.7,1,592.2,F,2024-07-30
9,274,M,Scrub,2,1.9,1,1573.2,F,2024-07-30
8,162,H,Bata,1,1.9,1,496.8,M,2024-07-31
40,139,M,Bata,3,4.6,1,501.65,M,2024-07-31
10,130,H,Playera,3,4.3,1,57.96,M,2024-07-31
25,152,M,Gorro,1,3.2,1,865.8,M,2024-07-31
17,264,H,Gorro,5,3.5,1,1706.4,F,2024-08-01
41,241,H,Bata,5,2.9,1,93.74,M,2024-08-01
29,209,M,Playera,4,2.6,1,456.0,M,2024-08-01
30,165,H,Playera,5,4.7,1,135.42,F,2024-08-01
43,256,H,Playera,4,1.5,1,731.5,F,2024-08-01
24,62,H,Scrub,3,2.7,1,221.52,F,2024-08-02
37,243,H,Gorro,1,2.4,1,301.76,M,2024-08-02
18,173,H,Gorro,5,3.0,1,119.93,M,2024-08-02
40,196,M,Scrub,4,2.8,1,640.92,M,2024-08-02
21,201,H,Pantalon,3,3.1,1,960.0,M,2024-08-03
25,286,H,Scrub,5,1.6,1,793.0,M,2024-08-03
20,137,M,Playera,2,3.1,1,134.4,M,2024-08-03
20,60,M,Scrub,3,2.0,1,2079.04,F,2024-08-03
24,236,M,Playera,5,1.7,1,36.18,M,2024-08-03
33,263,H,Bata,3,1.3,1,1547.0,F,2024-08-04
32,64,H,Playera,1,4.1,1,132.93,F,2024-08-04
12,59,H,Gorro,1,2.7,1,318.6,F,2024-08-04
28,90,H,Scrub,1,3.5,1,670.68,M,2024-08-04
7,204,M,Playera,2,3.9,1,572.8,M,2024-08-05
29,237,M,Pantalon,1,3.7,1,297.5,F,2024-08-05
23,122,H,Bata,2,2.9,1,87.6,M,2024-08-05
37,101,H,Pantalon,1,2.6,1,1430.1,M,2024-08-05
6,177,H,Pantalon,3,2.5,1,644.8,F,2024-08-05
19,77,H,Pantalon,5,3.6,1,325.5,M,2024-08-06
26,114,M,Bata,5,3.0,1,1200.64,M,2024-08-06
14,66,M,Bata,1,4.4,1,1380.0,M,2024-08-06
22,144,H,Bata,5,4.5,1,417.12,M,2024-08-06
26,221,M,Bata,1,1.7,1,80.52,F,2024-08-07
